,acousticness,analysis_url,danceability,duration_ms,energy,id,instrumentalness,key,liveness,loudness,mode,speechiness,tempo,time_signature,track_href,type,uri,valence,target
0,0.0676,https://api.spotify.com/v1/audio-analysis/2Z8yfpFX0ZMavHkcIeHiO1,0.652,178994,0.383,2Z8yfpFX0ZMavHkcIeHiO1,0.0,2,0.0828,-7.076,0,0.0516,145.765,4,https://api.spotify.com/v1/tracks/2Z8yfpFX0ZMavHkcIeHiO1,audio_features,spotify:track:2Z8yfpFX0ZMavHkcIeHiO1,0.549,0
1,0.12,https://api.spotify.com/v1/audio-analysis/6zFMeegAMYQo0mt8rXtrli,0.81,154998,0.511,6zFMeegAMYQo0mt8rXtrli,0.0,5,0.0832,-6.924,0,0.164,151.947,4,https://api.spotify.com/v1/tracks/6zFMeegAMYQo0mt8rXtrli,audio_features,spotify:track:7igeByaBM0MgGsgXtNxDJ7,0.837,0
2,0.221,https://api.spotify.com/v1/audio-analysis/3tjFYV6RSFtuktYl3ZtYcq,0.7,140526,0.722,3tjFYV6RSFtuktYl3ZtYcq,0.0,7,0.272,-3.558,0,0.0369,90.989,4,https://api.spotify.com/v1/tracks/3tjFYV6RSFtuktYl3ZtYcq,audio_features,spotify:track:54bFM56PmE4YLRnqpW6Tha,0.756,0
3,0.786,https://api.spotify.com/v1/audio-analysis/45bE4HXI0AwGZXfZtMp8JR,0.642,169266,0.374,45bE4HXI0AwGZXfZtMp8JR,0.0,4,0.0906,-9.386,1,0.0545,124.099,4,https://api.spotify.com/v1/tracks/45bE4HXI0AwGZXfZtMp8JR,audio_features,spotify:track:463CkQjx2Zk1yXoBuierM9,0.0799,0
4,0.0689,https://api.spotify.com/v1/audio-analysis/6ft4hAq6yde8jPZY2i5zLr,0.632,167903,0.595,6ft4hAq6yde8jPZY2i5zLr,0.0,8,0.209,-7.644,0,0.0401,124.114,4,https://api.spotify.com/v1/tracks/6ft4hAq6yde8jPZY2i5zLr,audio_features,spotify:track:47EiUVwUp4C9fGccaPuUCS,0.435,0
5,0.325,https://api.spotify.com/v1/audio-analysis/20McUFi8KCIVdNDLrkTDuZ,0.767,163208,0.659,20McUFi8KCIVdNDLrkTDuZ,0.0,1,0.13,-7.429,1,0.0444,124.946,4,https://api.spotify.com/v1/tracks/20McUFi8KCIVdNDLrkTDuZ,audio_features,spotify:track:6zFMeegAMYQo0mt8rXtrli,0.439,0
6,0.194,https://api.spotify.com/v1/audio-analysis/1RSzyxqtIO4yX3EyiV4zT5,0.714,123480,0.609,1RSzyxqtIO4yX3EyiV4zT5,0.0,3,0.126,-7.683,0,0.17,140.206,4,https://api.spotify.com/v1/tracks/1RSzyxqtIO4yX3EyiV4zT5,audio_features,spotify:track:7MXgrcOQAJ5VwSNUL0lDd3,0.778,0
7,0.00691,https://api.spotify.com/v1/audio-analysis/249gnXrbfmV8NG6jTEMSwD,0.566,207481,0.716,249gnXrbfmV8NG6jTEMSwD,0.0,1,0.37,-5.733,1,0.0424,81.068,4,https://api.spotify.com/v1/tracks/249gnXrbfmV8NG6jTEMSwD,audio_features,spotify:track:5JqZ3oqF00jkT81foAFvqg,0.45,0
8,0.235,https://api.spotify.com/v1/audio-analysis/0AUvWawuP0ibk4SQ3sIZjk,0.834,146523,0.663,0AUvWawuP0ibk4SQ3sIZjk,0.0,8,0.372,-6.143,1,0.133,121.876,4,https://api.spotify.com/v1/tracks/0AUvWawuP0ibk4SQ3sIZjk,audio_features,spotify:track:1tkg4EHVoqnhR6iFEXb60y,0.774,0
9,0.247,https://api.spotify.com/v1/audio-analysis/7ytR5pFWmSjzHJIeQkgog4,0.746,181733,0.69,7ytR5pFWmSjzHJIeQkgog4,0.0,11,0.101,-7.956,1,0.164,89.977,4,https://api.spotify.com/v1/tracks/7ytR5pFWmSjzHJIeQkgog4,audio_features,spotify:track:6AGOKlMZWLCaEJGnaROtF9,0.497,0
10,0.866,https://api.spotify.com/v1/audio-analysis/2kJwzbxV2ppxnQoYw4GLBZ,0.464,208687,0.473,2kJwzbxV2ppxnQoYw4GLBZ,0.0,1,0.109,-10.086,1,0.129,75.801,4,https://api.spotify.com/v1/tracks/2kJwzbxV2ppxnQoYw4GLBZ,audio_features,spotify:track:3tjFYV6RSFtuktYl3ZtYcq,0.604,0
11,0.607,https://api.spotify.com/v1/audio-analysis/18uwL0vNUanqZH0ro2QcOP,0.795,181613,0.178,18uwL0vNUanqZH0ro2QcOP,0.0,0,0.623,-11.991,1,0.0574,93.982,4,https://api.spotify.com/v1/tracks/18uwL0vNUanqZH0ro2QcOP,audio_features,spotify:track:02kDW379Yfd5PzW5A6vuGt,0.608,0
12,0.0237,https://api.spotify.com/v1/audio-analysis/3jjujdWJ72nww5eGnfs2E7,0.676,207133,0.771,3jjujdWJ72nww5eGnfs2E7,7e-06,8,0.102,-3.675,1,0.0483,99.048,4,https://api.spotify.com/v1/tracks/3jjujdWJ72nww5eGnfs2E7,audio_features,spotify:track:3uVPLtkmDu8pDkYEAVqbgS,0.569,0
13,0.192,https://api.spotify.com/v1/audio-analysis/21jGcNKet2qwijlDFuPiPb,0.695,215280,0.762,21jGcNKet2qwijlDFuPiPb,0.00244,0,0.0863,-3.497,1,0.0395,120.042,4,https://api.spotify.com/v1/tracks/21jGcNKet2qwijlDFuPiPb,audio_features,spotify:track:6Im9k8u9iIzKMrmV7BWtlF,0.553,0
14,0.153,https://api.spotify.com/v1/audio-analysis/2wrJq5XKLnmhRXHIAf9xBa,0.654,167693,0.63,2wrJq5XKLnmhRXHIAf9xBa,0.0,10,0.111,-4.644,1,0.0259,89.991,4,https://api.spotify.com/v1/tracks/2wrJq5XKLnmhRXHIAf9xBa,audio_features,spotify:track:5psEZhQu6lukjhavJo4AbC,0.43,0
15,0.751,https://api.spotify.com/v1/audio-analysis/7qEHsqek33rTcFNT9PFqLf,0.501,182161,0.405,7qEHsqek33rTcFNT9PFqLf,0.0,1,0.105,-5.679,1,0.0319,109.891,4,https://api.spotify.com/v1/tracks/7qEHsqek33rTcFNT9PFqLf,audio_features,spotify:track:45bE4HXI0AwGZXfZtMp8JR,0.446,0
16,0.731,https://api.spotify.com/v1/audio-analysis/7eJMfftS33KTjuF7lTsMCx,0.726,173333,0.431,7eJMfftS33KTjuF7lTsMCx,0.0,8,0.696,-8.765,0,0.135,144.026,4,https://api.spotify.com/v1/tracks/7eJMfftS33KTjuF7lTsMCx,audio_features,spotify:track:4y4spB9m0Q6026KfkAvy9Q,0.348,0
17,0.116,https://api.spotify.com/v1/audio-analysis/5tmu5pAFHkUSl8Fo8ncyA4,0.913,143880,0.608,5tmu5pAFHkUSl8Fo8ncyA4,0.0,7,0.109,-6.764,1,0.259,101.002,4,https://api.spotify.com/v1/tracks/5tmu5pAFHkUSl8Fo8ncyA4,audio_features,spotify:track:0GzuHFG4Ql6DoyxFRnIk3F,0.496,0
18,0.837,https://api.spotify.com/v1/audio-analysis/2b8fOow8UzyDFAE27YhOZM,0.764,189486,0.32,2b8fOow8UzyDFAE27YhOZM,0.0,11,0.0822,-7.209,1,0.0546,91.019,4,https://api.spotify.com/v1/tracks/2b8fOow8UzyDFAE27YhOZM,audio_features,spotify:track:0A1hoCfMLkiAgvhWkkucJa,0.575,0
19,0.45,https://api.spotify.com/v1/audio-analysis/6Qs4SXO9dwPj5GKvVOv8Ki,0.741,171030,0.52,6Qs4SXO9dwPj5GKvVOv8Ki,1.97e-06,8,0.222,-7.513,1,0.0656,102.998,4,https://api.spotify.com/v1/tracks/6Qs4SXO9dwPj5GKvVOv8Ki,audio_features,spotify:track:6HlE9t71z9DjGi7KqSyEpA,0.347,0
20,0.124,https://api.spotify.com/v1/audio-analysis/4evmHXcjt3bTUHD1cvny97,0.64,197867,0.648,4evmHXcjt3bTUHD1cvny97,0.0,5,0.0802,-8.113,0,0.187,92.977,4,https://api.spotify.com/v1/tracks/4evmHXcjt3bTUHD1cvny97,audio_features,spotify:track:6ft4hAq6yde8jPZY2i5zLr,0.548,0
21,0.531,https://api.spotify.com/v1/audio-analysis/0REIEJ3SexYnl8myLNxTMZ,0.629,259232,0.468,0REIEJ3SexYnl8myLNxTMZ,0.0,6,0.0698,-9.208,1,0.256,148.101,4,https://api.spotify.com/v1/tracks/0REIEJ3SexYnl8myLNxTMZ,audio_features,spotify:track:59qrUpoplZxbIZxk6X0Bm3,0.525,0
22,0.481,https://api.spotify.com/v1/audio-analysis/4F7ArOheAkEeTB1QN6toCN,0.413,249438,0.712,4F7ArOheAkEeTB1QN6toCN,1.29e-05,5,0.111,-7.005,0,0.507,177.806,4,https://api.spotify.com/v1/tracks/4F7ArOheAkEeTB1QN6toCN,audio_features,spotify:track:2XIc1pqjXV3Cr2BQUGNBck,0.307,0
23,0.0378,https://api.spotify.com/v1/audio-analysis/5Iz8xVGbOEWlLpM4JWozT2,0.645,209716,0.764,5Iz8xVGbOEWlLpM4JWozT2,0.0,6,0.132,-3.069,1,0.148,102.909,4,https://api.spotify.com/v1/tracks/5Iz8xVGbOEWlLpM4JWozT2,audio_features,spotify:track:0QdePZJfBpRIBautuT4FSx,0.699,0
24,0.0115,https://api.spotify.com/v1/audio-analysis/2T5NBwKRySiCR78vVk08vr,0.709,153467,0.679,2T5NBwKRySiCR78vVk08vr,0.0,11,0.0971,-6.503,0,0.346,162.973,4,https://api.spotify.com/v1/tracks/2T5NBwKRySiCR78vVk08vr,audio_features,spotify:track:27OeeYzk6klgBh83TSvGMA,0.754,0
25,0.15,https://api.spotify.com/v1/audio-analysis/4OL39vZOiYvqBiC2UOwoyr,0.956,147756,0.301,4OL39vZOiYvqBiC2UOwoyr,0.000884,0,0.113,-8.699,1,0.072,107.984,4,https://api.spotify.com/v1/tracks/4OL39vZOiYvqBiC2UOwoyr,audio_features,spotify:track:20McUFi8KCIVdNDLrkTDuZ,0.0759,0
26,0.352,https://api.spotify.com/v1/audio-analysis/2kuYZZvjwzYWPA8L7ICFXn,0.775,211397,0.492,2kuYZZvjwzYWPA8L7ICFXn,0.000159,1,0.115,-8.769,0,0.109,99.933,4,https://api.spotify.com/v1/tracks/2kuYZZvjwzYWPA8L7ICFXn,audio_features,spotify:track:5u1n1kITHCxxp8twBcZxWy,0.65,0
27,0.0798,https://api.spotify.com/v1/audio-analysis/0lQ1lmYqurunIRdoVVVHM1,0.91,172099,0.657,0lQ1lmYqurunIRdoVVVHM1,0.0,0,0.307,-8.489,0,0.235,122.911,4,https://api.spotify.com/v1/tracks/0lQ1lmYqurunIRdoVVVHM1,audio_features,spotify:track:1bj8x3ERN9gSc2NfJIpc76,0.448,0
28,0.0704,https://api.spotify.com/v1/audio-analysis/5LXdAueF0raRI8ZF3ywdWM,0.559,189890,0.474,5LXdAueF0raRI8ZF3ywdWM,0.0,11,0.238,-6.495,1,0.341,79.626,1,https://api.spotify.com/v1/tracks/5LXdAueF0raRI8ZF3ywdWM,audio_features,spotify:track:6f3Slt0GbA2bPZlz0aIFXN,0.204,0
29,0.171,https://api.spotify.com/v1/audio-analysis/5XqDJFVCyRTm5J7cIfRmR1,0.499,217801,0.612,5XqDJFVCyRTm5J7cIfRmR1,4.99e-05,4,0.0993,-5.947,0,0.127,157.218,4,https://api.spotify.com/v1/tracks/5XqDJFVCyRTm5J7cIfRmR1,audio_features,spotify:track:0PvFJmanyNQMseIFrU708S,0.218,0
30,0.0339,https://api.spotify.com/v1/audio-analysis/1KFHD2MK0wQADYddeed7Qf,0.578,173206,0.599,1KFHD2MK0wQADYddeed7Qf,0.0,4,0.286,-8.692,0,0.0402,95.005,4,https://api.spotify.com/v1/tracks/1KFHD2MK0wQADYddeed7Qf,audio_features,spotify:track:1RSzyxqtIO4yX3EyiV4zT5,0.475,0
31,0.0934,https://api.spotify.com/v1/audio-analysis/7beY8mXJuC4l0J2WgVoCfm,0.62,257249,0.829,7beY8mXJuC4l0J2WgVoCfm,0.0,5,0.111,-4.433,1,0.101,152.279,4,https://api.spotify.com/v1/tracks/7beY8mXJuC4l0J2WgVoCfm,audio_features,spotify:track:2SAqBLGA283SUiwJ3xOUVI,0.636,0
32,0.00747,https://api.spotify.com/v1/audio-analysis/698qfbrci5r8U0EKceXhml,0.774,194883,0.619,698qfbrci5r8U0EKceXhml,2.93e-05,7,0.081,-6.367,1,0.0907,86.747,4,https://api.spotify.com/v1/tracks/698qfbrci5r8U0EKceXhml,audio_features,spotify:track:70rFIfYN7lU6iTgUIVP42w,0.509,0
33,0.161,https://api.spotify.com/v1/audio-analysis/08HPWLi0YmRUStJzkQ1ffh,0.599,205116,0.449,08HPWLi0YmRUStJzkQ1ffh,2.66e-05,7,0.107,-7.423,1,0.0529,158.0,3,https://api.spotify.com/v1/tracks/08HPWLi0YmRUStJzkQ1ffh,audio_features,spotify:track:3USxtqRwSYz57Ewm6wWRMp,0.143,0
34,0.316,https://api.spotify.com/v1/audio-analysis/5E1aFH3QO8NHlocnXIPTYo,0.755,176960,0.578,5E1aFH3QO8NHlocnXIPTYo,0.0,0,0.25,-8.932,0,0.145,94.148,4,https://api.spotify.com/v1/tracks/5E1aFH3QO8NHlocnXIPTYo,audio_features,spotify:track:4wosxLl0mAqhneDzya2MfY,0.581,0
35,0.0156,https://api.spotify.com/v1/audio-analysis/177Gk50xMUz4QMiEXLARFP,0.592,187606,0.473,177Gk50xMUz4QMiEXLARFP,1.77e-06,0,0.297,-8.543,1,0.11,203.783,4,https://api.spotify.com/v1/tracks/177Gk50xMUz4QMiEXLARFP,audio_features,spotify:track:249gnXrbfmV8NG6jTEMSwD,0.419,0
36,0.421,https://api.spotify.com/v1/audio-analysis/530sGWWlefN6YmGtBOPPME,0.815,157946,0.872,530sGWWlefN6YmGtBOPPME,0.0,9,0.109,-4.243,1,0.111,115.028,4,https://api.spotify.com/v1/tracks/530sGWWlefN6YmGtBOPPME,audio_features,spotify:track:5hvwx5i67IwnCkjl9VHkNv,0.512,0
37,0.16,https://api.spotify.com/v1/audio-analysis/0jcDf2K7yJsRAfa7XQmkIt,0.762,156774,0.828,0jcDf2K7yJsRAfa7XQmkIt,8.65e-05,8,0.0968,-5.499,0,0.0339,124.012,4,https://api.spotify.com/v1/tracks/0jcDf2K7yJsRAfa7XQmkIt,audio_features,spotify:track:5KCbr5ndeby4y4ggthdiAb,0.778,0
38,0.214,https://api.spotify.com/v1/audio-analysis/6Htqsoq5u7Z4a8hqWfMRXY,0.784,133000,0.802,6Htqsoq5u7Z4a8hqWfMRXY,0.023,4,0.445,-3.673,0,0.0666,124.941,4,https://api.spotify.com/v1/tracks/6Htqsoq5u7Z4a8hqWfMRXY,audio_features,spotify:track:0ri0Han4IRJhzvERHOZTMr,0.522,0
39,0.106,https://api.spotify.com/v1/audio-analysis/0lQ2obtzmAsJu9xk3D6FqH,0.787,182700,0.828,0lQ2obtzmAsJu9xk3D6FqH,0.000605,11,0.105,-3.579,0,0.0297,119.953,4,https://api.spotify.com/v1/tracks/0lQ2obtzmAsJu9xk3D6FqH,audio_features,spotify:track:14ngWWxvUSnIMXgF6rzSk1,0.544,0
40,0.0484,https://api.spotify.com/v1/audio-analysis/0hCB0YR03f6AmQaHbwWDe8,0.412,333893,0.902,0hCB0YR03f6AmQaHbwWDe8,0.131,9,0.405,-11.6,1,0.405,89.74,4,https://api.spotify.com/v1/tracks/0hCB0YR03f6AmQaHbwWDe8,audio_features,spotify:track:0AUvWawuP0ibk4SQ3sIZjk,0.422,0
41,0.0302,https://api.spotify.com/v1/audio-analysis/2EqlS6tkEnglzr7tkKAAYD,0.533,259947,0.376,2EqlS6tkEnglzr7tkKAAYD,0.248,9,0.0926,-11.913,0,0.0393,165.007,4,https://api.spotify.com/v1/tracks/2EqlS6tkEnglzr7tkKAAYD,audio_features,spotify:track:7B3z0ySL9Rr0XvZEAjWZzM,0.187,0
42,0.369,https://api.spotify.com/v1/audio-analysis/5uvosCdMlFdTXhoazkTI5R,0.413,429760,0.725,5uvosCdMlFdTXhoazkTI5R,2.16e-05,3,0.0905,-5.787,0,0.0324,124.618,4,https://api.spotify.com/v1/tracks/5uvosCdMlFdTXhoazkTI5R,audio_features,spotify:track:45S5WTQEGOB1VHr1Q4FuPl,0.44,0
43,0.729,https://api.spotify.com/v1/audio-analysis/3AhXZa8sUQht0UEdBJgpGc,0.483,369600,0.721,3AhXZa8sUQht0UEdBJgpGc,0.0,0,0.189,-6.836,1,0.032,95.261,4,https://api.spotify.com/v1/tracks/3AhXZa8sUQht0UEdBJgpGc,audio_features,spotify:track:0v1x6rN6JHRapa03JElljE,0.562,0
44,0.468,https://api.spotify.com/v1/audio-analysis/7igeByaBM0MgGsgXtNxDJ7,0.736,172325,0.802,7igeByaBM0MgGsgXtNxDJ7,0.0,0,0.094,-4.759,1,0.0864,144.005,4,https://api.spotify.com/v1/tracks/7igeByaBM0MgGsgXtNxDJ7,audio_features,spotify:track:7aGyRfJWtLqgJaZoG9lJhE,0.675,0
45,0.0133,https://api.spotify.com/v1/audio-analysis/7MXgrcOQAJ5VwSNUL0lDd3,0.49,216123,0.694,7MXgrcOQAJ5VwSNUL0lDd3,4.62e-05,5,0.0946,-5.793,0,0.0618,170.903,4,https://api.spotify.com/v1/tracks/7MXgrcOQAJ5VwSNUL0lDd3,audio_features,spotify:track:7ytR5pFWmSjzHJIeQkgog4,0.249,0
46,0.256,https://api.spotify.com/v1/audio-analysis/02kDW379Yfd5PzW5A6vuGt,0.799,195429,0.66,02kDW379Yfd5PzW5A6vuGt,0.0,1,0.111,-6.153,0,0.079,140.04,4,https://api.spotify.com/v1/tracks/02kDW379Yfd5PzW5A6vuGt,audio_features,spotify:track:4DuUwzP4ALMqpquHU0ltAB,0.471,0
47,0.864,https://api.spotify.com/v1/audio-analysis/4y4spB9m0Q6026KfkAvy9Q,0.631,149297,0.239,4y4spB9m0Q6026KfkAvy9Q,0.0,11,0.116,-7.071,0,0.0398,79.859,4,https://api.spotify.com/v1/tracks/4y4spB9m0Q6026KfkAvy9Q,audio_features,spotify:track:6UelLqGlWMcVH1E5c4H7lY,0.0927,0
48,0.0332,https://api.spotify.com/v1/audio-analysis/59qrUpoplZxbIZxk6X0Bm3,0.789,190306,0.711,59qrUpoplZxbIZxk6X0Bm3,0.0,2,0.0876,-4.248,1,0.041,112.985,4,https://api.spotify.com/v1/tracks/59qrUpoplZxbIZxk6X0Bm3,audio_features,spotify:track:4xqrdfXkTW4T0RauPLv3WA,0.753,0
49,0.196,https://api.spotify.com/v1/audio-analysis/5u1n1kITHCxxp8twBcZxWy,0.673,212093,0.704,5u1n1kITHCxxp8twBcZxWy,0.0,6,0.0898,-8.056,1,0.36,86.919,4,https://api.spotify.com/v1/tracks/5u1n1kITHCxxp8twBcZxWy,audio_features,spotify:track:7vrJn5hDSXRmdXoR30KgF1,0.372,0
50,0.244,https://api.spotify.com/v1/audio-analysis/2SAqBLGA283SUiwJ3xOUVI,0.761,261493,0.518,2SAqBLGA283SUiwJ3xOUVI,3.47e-05,0,0.107,-8.871,1,0.134,133.976,4,https://api.spotify.com/v1/tracks/2SAqBLGA283SUiwJ3xOUVI,audio_features,spotify:track:2kJwzbxV2ppxnQoYw4GLBZ,0.522,0
51,0.154,https://api.spotify.com/v1/audio-analysis/5hvwx5i67IwnCkjl9VHkNv,0.653,213869,0.667,5hvwx5i67IwnCkjl9VHkNv,0.0,10,0.107,-6.764,0,0.0423,104.181,4,https://api.spotify.com/v1/tracks/5hvwx5i67IwnCkjl9VHkNv,audio_features,spotify:track:1ZMiCix7XSAbfAJlEZWMCp,0.556,0
52,0.598,https://api.spotify.com/v1/audio-analysis/7B3z0ySL9Rr0XvZEAjWZzM,0.744,188387,0.619,7B3z0ySL9Rr0XvZEAjWZzM,0.00372,0,0.231,-9.805,1,0.039,112.997,4,https://api.spotify.com/v1/tracks/7B3z0ySL9Rr0XvZEAjWZzM,audio_features,spotify:track:0CZ8lquoTX2Dkg7Ak2inwA,0.641,0
53,0.11,https://api.spotify.com/v1/audio-analysis/4DuUwzP4ALMqpquHU0ltAB,0.794,156498,0.756,4DuUwzP4ALMqpquHU0ltAB,0.0,5,0.247,-7.16,0,0.136,123.066,4,https://api.spotify.com/v1/tracks/4DuUwzP4ALMqpquHU0ltAB,audio_features,spotify:track:4OBZT9EnhYIV17t4pGw7ig,0.775,0
54,0.839,https://api.spotify.com/v1/audio-analysis/1ZMiCix7XSAbfAJlEZWMCp,0.567,240133,0.267,1ZMiCix7XSAbfAJlEZWMCp,1.46e-06,4,0.089,-6.502,1,0.0299,110.011,4,https://api.spotify.com/v1/tracks/1ZMiCix7XSAbfAJlEZWMCp,audio_features,spotify:track:4R2kfaDFhslZEMJqAFNpdd,0.0592,0
55,0.606,https://api.spotify.com/v1/audio-analysis/5kfNriitmkNE8mUbZ7gbq8,0.551,210667,0.44,5kfNriitmkNE8mUbZ7gbq8,3.02e-05,10,0.11,-8.559,1,0.0985,167.923,4,https://api.spotify.com/v1/tracks/5kfNriitmkNE8mUbZ7gbq8,audio_features,spotify:track:18uwL0vNUanqZH0ro2QcOP,0.341,0
56,0.379,https://api.spotify.com/v1/audio-analysis/4a6q8CR2hzLk2plDkSxkfD,0.812,165714,0.519,4a6q8CR2hzLk2plDkSxkfD,0.0,2,0.13,-4.823,1,0.0385,104.954,4,https://api.spotify.com/v1/tracks/4a6q8CR2hzLk2plDkSxkfD,audio_features,spotify:track:5kfNriitmkNE8mUbZ7gbq8,0.554,0
57,0.344,https://api.spotify.com/v1/audio-analysis/1sgDyuLooyvEML4oHspNza,0.58,199549,0.586,1sgDyuLooyvEML4oHspNza,0.0,1,0.0755,-6.883,1,0.0357,147.988,4,https://api.spotify.com/v1/tracks/1sgDyuLooyvEML4oHspNza,audio_features,spotify:track:44ADyYoY5liaRa3EOAl4uf,0.507,0
58,0.482,https://api.spotify.com/v1/audio-analysis/322tcqPhma7F6hfCeLisx0,0.806,198973,0.558,322tcqPhma7F6hfCeLisx0,0.0,9,0.0618,-6.46,1,0.0683,95.016,4,https://api.spotify.com/v1/tracks/322tcqPhma7F6hfCeLisx0,audio_features,spotify:track:3npzogdOEiVsieXmmhBepL,0.678,0
59,0.0933,https://api.spotify.com/v1/audio-analysis/6PYnUsNEpYC7A4BS2sjw3L,0.786,255000,0.428,6PYnUsNEpYC7A4BS2sjw3L,1.1e-06,5,0.156,-10.011,0,0.31,97.001,4,https://api.spotify.com/v1/tracks/6PYnUsNEpYC7A4BS2sjw3L,audio_features,spotify:track:3ZCTVFBt2Brf31RLEnCkWJ,0.556,0
60,0.367,https://api.spotify.com/v1/audio-analysis/6ZRuF2n1CQxyxxAAWsKJOy,0.61,201788,0.725,6ZRuF2n1CQxyxxAAWsKJOy,0.0,8,0.154,-5.131,1,0.15,146.163,4,https://api.spotify.com/v1/tracks/6ZRuF2n1CQxyxxAAWsKJOy,audio_features,spotify:track:3jjujdWJ72nww5eGnfs2E7,0.291,0
61,0.488,https://api.spotify.com/v1/audio-analysis/0lsRatBUs9HNIZAmoGABzk,0.689,184060,0.412,0lsRatBUs9HNIZAmoGABzk,0.00016,7,0.0659,-7.523,0,0.0301,126.754,4,https://api.spotify.com/v1/tracks/0lsRatBUs9HNIZAmoGABzk,audio_features,spotify:track:4a6q8CR2hzLk2plDkSxkfD,0.537,0
62,0.456,https://api.spotify.com/v1/audio-analysis/0t3ZvGKlmYmVsDzBJAXK8C,0.548,174853,0.653,0t3ZvGKlmYmVsDzBJAXK8C,0.0,5,0.103,-3.875,1,0.081,150.068,4,https://api.spotify.com/v1/tracks/0t3ZvGKlmYmVsDzBJAXK8C,audio_features,spotify:track:1dGr1c8CrMLDpV6mPbImSI,0.163,0
63,0.119,https://api.spotify.com/v1/audio-analysis/0Ryd8975WihbObpp5cPW1t,0.4,186107,0.795,0Ryd8975WihbObpp5cPW1t,0.0,10,0.159,-3.731,0,0.461,190.097,4,https://api.spotify.com/v1/tracks/0Ryd8975WihbObpp5cPW1t,audio_features,spotify:track:2gMXnyrvIjhVBUZwvLZDMP,0.702,0
64,0.524,https://api.spotify.com/v1/audio-analysis/6LsAAHotRLMOHfCsSfYCsz,0.692,190800,0.809,6LsAAHotRLMOHfCsSfYCsz,0.0,2,0.147,-4.198,1,0.0602,123.911,4,https://api.spotify.com/v1/tracks/6LsAAHotRLMOHfCsSfYCsz,audio_features,spotify:track:3bH4HzoZZFq8UpZmI2AMgV,0.864,0
65,0.707,https://api.spotify.com/v1/audio-analysis/1KSz0dMTPwRq9OqLkNxcfd,0.75,188827,0.711,1KSz0dMTPwRq9OqLkNxcfd,0.0053,4,0.108,-8.5,1,0.119,112.476,4,https://api.spotify.com/v1/tracks/1KSz0dMTPwRq9OqLkNxcfd,audio_features,spotify:track:21jGcNKet2qwijlDFuPiPb,0.567,0
66,0.327,https://api.spotify.com/v1/audio-analysis/3Xa0sbyAtaEYYl2qRGnWQb,0.461,174091,0.702,3Xa0sbyAtaEYYl2qRGnWQb,0.00109,7,0.244,-8.204,1,0.404,77.504,4,https://api.spotify.com/v1/tracks/3Xa0sbyAtaEYYl2qRGnWQb,audio_features,spotify:track:1sgDyuLooyvEML4oHspNza,0.507,0
67,0.345,https://api.spotify.com/v1/audio-analysis/1VLtjHwRWOVJiE5Py7JxoQ,0.832,132833,0.534,1VLtjHwRWOVJiE5Py7JxoQ,0.0,1,0.165,-7.813,0,0.253,93.924,4,https://api.spotify.com/v1/tracks/1VLtjHwRWOVJiE5Py7JxoQ,audio_features,spotify:track:14JzyD6FlBD5z0wV5P07YI,0.116,0
68,0.0743,https://api.spotify.com/v1/audio-analysis/35RJhm1pEovTBwnNR0zWad,0.695,218902,0.343,35RJhm1pEovTBwnNR0zWad,1.04e-06,5,0.107,-10.798,1,0.0432,85.84,4,https://api.spotify.com/v1/tracks/35RJhm1pEovTBwnNR0zWad,audio_features,spotify:track:6zeeWid2sgw4lap2jV61PZ,0.229,0
69,0.207,https://api.spotify.com/v1/audio-analysis/0KsdWD4j9GNlc3CMXgwb9E,0.817,197153,0.492,0KsdWD4j9GNlc3CMXgwb9E,4.91e-06,8,0.0742,-9.526,1,0.163,83.502,4,https://api.spotify.com/v1/tracks/0KsdWD4j9GNlc3CMXgwb9E,audio_features,spotify:track:7njKgVl3AnLflRad38o7AG,0.633,0
70,0.374,https://api.spotify.com/v1/audio-analysis/623BfBgk3qRz9D1RPRTJAg,0.633,204373,0.644,623BfBgk3qRz9D1RPRTJAg,0.0,5,0.0992,-5.782,0,0.368,102.912,4,https://api.spotify.com/v1/tracks/623BfBgk3qRz9D1RPRTJAg,audio_features,spotify:track:2wrJq5XKLnmhRXHIAf9xBa,0.617,0
71,0.358,https://api.spotify.com/v1/audio-analysis/1GxoFQZxD7tFhQFUD9F0dD,0.859,213529,0.727,1GxoFQZxD7tFhQFUD9F0dD,0.000752,10,0.332,-5.598,0,0.073,149.932,4,https://api.spotify.com/v1/tracks/1GxoFQZxD7tFhQFUD9F0dD,audio_features,spotify:track:322tcqPhma7F6hfCeLisx0,0.688,0
72,0.162,https://api.spotify.com/v1/audio-analysis/0Td7fSJnnP609ZBiK0s6rc,0.874,178118,0.65,0Td7fSJnnP609ZBiK0s6rc,0.0,7,0.179,-5.975,1,0.191,107.94,4,https://api.spotify.com/v1/tracks/0Td7fSJnnP609ZBiK0s6rc,audio_features,spotify:track:5DqdesEfbRyOlSS3Tf6c29,0.176,0
73,0.113,https://api.spotify.com/v1/audio-analysis/0KS2h61pHQ4WmOwruD7uxD,0.646,223415,0.696,0KS2h61pHQ4WmOwruD7uxD,0.0,1,0.115,-6.505,1,0.065,81.336,4,https://api.spotify.com/v1/tracks/0KS2h61pHQ4WmOwruD7uxD,audio_features,spotify:track:1Cv1YLb4q0RzL6pybtaMLo,0.18,0
74,0.0129,https://api.spotify.com/v1/audio-analysis/0LGtMvQJ37SsEYbkP6TcVJ,0.714,198822,0.582,0LGtMvQJ37SsEYbkP6TcVJ,0.0,5,0.0774,-7.272,0,0.0808,92.819,4,https://api.spotify.com/v1/tracks/0LGtMvQJ37SsEYbkP6TcVJ,audio_features,spotify:track:3Z8FwOEN59mRMxDCtb8N0A,0.338,0
75,0.581,https://api.spotify.com/v1/audio-analysis/1FhxEhPZpBBOJTDwSf6MA5,0.545,312459,0.429,1FhxEhPZpBBOJTDwSf6MA5,0.000335,2,0.113,-7.925,0,0.0278,98.957,4,https://api.spotify.com/v1/tracks/1FhxEhPZpBBOJTDwSf6MA5,audio_features,spotify:track:7qEHsqek33rTcFNT9PFqLf,0.364,0
76,0.177,https://api.spotify.com/v1/audio-analysis/67M0ONQYZV4MmD7QyhNvz3,0.535,247792,0.371,67M0ONQYZV4MmD7QyhNvz3,2.03e-05,10,0.116,-11.668,1,0.0474,176.061,4,https://api.spotify.com/v1/tracks/67M0ONQYZV4MmD7QyhNvz3,audio_features,spotify:track:6PYnUsNEpYC7A4BS2sjw3L,0.208,0
77,0.297,https://api.spotify.com/v1/audio-analysis/4lsHZ92XCFOQfzJFBTluk8,0.774,201587,0.376,4lsHZ92XCFOQfzJFBTluk8,0.0,5,0.165,-9.372,1,0.208,122.089,4,https://api.spotify.com/v1/tracks/4lsHZ92XCFOQfzJFBTluk8,audio_features,spotify:track:2W4yABdLc4Jnds67Poi5Nl,0.391,0
78,0.317,https://api.spotify.com/v1/audio-analysis/4ptJnPKDD6S038BlYss3Tf,0.464,174091,0.714,4ptJnPKDD6S038BlYss3Tf,0.00274,4,0.247,-8.23,0,0.411,77.524,4,https://api.spotify.com/v1/tracks/4ptJnPKDD6S038BlYss3Tf,audio_features,spotify:track:364dI1bYnvamSnBJ8JcNzN,0.456,0
79,0.84,https://api.spotify.com/v1/audio-analysis/7wfDCDfhVe2tFxIkQEJp35,0.379,223933,0.249,7wfDCDfhVe2tFxIkQEJp35,0.0,11,0.107,-9.53,1,0.0761,83.258,4,https://api.spotify.com/v1/tracks/7wfDCDfhVe2tFxIkQEJp35,audio_features,spotify:track:7COXchtUOMd6uIT6HvmRaI,0.264,0
80,0.0424,https://api.spotify.com/v1/audio-analysis/5WYB4aZkflwjAApBoDCYkz,0.697,156888,0.81,5WYB4aZkflwjAApBoDCYkz,0.000233,6,0.322,-5.128,0,0.0669,125.979,4,https://api.spotify.com/v1/tracks/5WYB4aZkflwjAApBoDCYkz,audio_features,spotify:track:7eJMfftS33KTjuF7lTsMCx,0.558,0
81,0.0477,https://api.spotify.com/v1/audio-analysis/42k4Jpfrcd7FO1x9Gf4HkP,0.876,132336,0.863,42k4Jpfrcd7FO1x9Gf4HkP,0.0255,0,0.106,-3.622,1,0.092,107.024,4,https://api.spotify.com/v1/tracks/42k4Jpfrcd7FO1x9Gf4HkP,audio_features,spotify:track:6ZRuF2n1CQxyxxAAWsKJOy,0.612,0
82,0.577,https://api.spotify.com/v1/audio-analysis/7gMHLqcoQLeAaLNpOKlt05,0.719,185366,0.647,7gMHLqcoQLeAaLNpOKlt05,3.86e-06,11,0.183,-6.737,0,0.0296,122.997,4,https://api.spotify.com/v1/tracks/7gMHLqcoQLeAaLNpOKlt05,audio_features,spotify:track:3EPXxR3ImUwfayaurPi3cm,0.625,0
83,0.00135,https://api.spotify.com/v1/audio-analysis/1w8DxFHDDInmn5TovLKKrW,0.704,183750,0.745,1w8DxFHDDInmn5TovLKKrW,0.741,11,0.234,-7.664,0,0.0448,128.002,4,https://api.spotify.com/v1/tracks/1w8DxFHDDInmn5TovLKKrW,audio_features,spotify:track:62aP9fBQKYKxi7PDXwcUAS,0.0511,0
84,0.00255,https://api.spotify.com/v1/audio-analysis/2aoo2jlRnM3A0NyLQqMN2f,0.438,240800,0.805,2aoo2jlRnM3A0NyLQqMN2f,5.69e-05,8,0.0842,-6.237,1,0.0624,113.253,4,https://api.spotify.com/v1/tracks/2aoo2jlRnM3A0NyLQqMN2f,audio_features,spotify:track:6TqXcAFInzjp0bODyvrWEq,0.564,0
85,0.079,https://api.spotify.com/v1/audio-analysis/39shmbIHICJ2Wxnk1fPSdz,0.742,188987,0.833,39shmbIHICJ2Wxnk1fPSdz,0.0,2,0.384,-6.463,1,0.115,113.375,4,https://api.spotify.com/v1/tracks/39shmbIHICJ2Wxnk1fPSdz,audio_features,spotify:track:5tmu5pAFHkUSl8Fo8ncyA4,0.816,0
86,0.00249,https://api.spotify.com/v1/audio-analysis/70YvYr2hGlS01bKRIho1HM,0.545,230480,0.64,70YvYr2hGlS01bKRIho1HM,0.0304,4,0.196,-9.937,0,0.224,80.544,4,https://api.spotify.com/v1/tracks/70YvYr2hGlS01bKRIho1HM,audio_features,spotify:track:0lsRatBUs9HNIZAmoGABzk,0.606,0
87,0.385,https://api.spotify.com/v1/audio-analysis/2K2M0TcglCRLLpFOzKeFZA,0.683,250400,0.594,2K2M0TcglCRLLpFOzKeFZA,8.61e-05,2,0.121,-8.289,1,0.0347,115.099,4,https://api.spotify.com/v1/tracks/2K2M0TcglCRLLpFOzKeFZA,audio_features,spotify:track:1wjzFQodRWrPcQ0AnYnvQ9,0.734,0
88,0.218,https://api.spotify.com/v1/audio-analysis/54bFM56PmE4YLRnqpW6Tha,0.889,174321,0.34,54bFM56PmE4YLRnqpW6Tha,0.13,11,0.055,-7.773,0,0.0697,94.009,4,https://api.spotify.com/v1/tracks/54bFM56PmE4YLRnqpW6Tha,audio_features,spotify:track:31bmr5SE0qrrIPhjGbnwKP,0.716,0
89,0.0103,https://api.spotify.com/v1/audio-analysis/5JqZ3oqF00jkT81foAFvqg,0.781,169333,0.67,5JqZ3oqF00jkT81foAFvqg,0.0,3,0.0761,-3.912,0,0.0452,127.99,4,https://api.spotify.com/v1/tracks/5JqZ3oqF00jkT81foAFvqg,audio_features,spotify:track:5uCax9HTNlzGybIStD3vDh,0.595,0
90,0.605,https://api.spotify.com/v1/audio-analysis/3uVPLtkmDu8pDkYEAVqbgS,0.703,183783,0.703,3uVPLtkmDu8pDkYEAVqbgS,0.0,1,0.12,-4.672,1,0.133,76.017,4,https://api.spotify.com/v1/tracks/3uVPLtkmDu8pDkYEAVqbgS,audio_features,spotify:track:2b8fOow8UzyDFAE27YhOZM,0.697,0
91,0.105,https://api.spotify.com/v1/audio-analysis/0GzuHFG4Ql6DoyxFRnIk3F,0.766,200482,0.788,0GzuHFG4Ql6DoyxFRnIk3F,5.81e-06,6,0.142,-3.128,0,0.312,179.984,4,https://api.spotify.com/v1/tracks/0GzuHFG4Ql6DoyxFRnIk3F,audio_features,spotify:track:0t3ZvGKlmYmVsDzBJAXK8C,0.609,0
92,0.0303,https://api.spotify.com/v1/audio-analysis/2XIc1pqjXV3Cr2BQUGNBck,0.856,203201,0.618,2XIc1pqjXV3Cr2BQUGNBck,0.0,7,0.0866,-4.892,1,0.286,81.993,4,https://api.spotify.com/v1/tracks/2XIc1pqjXV3Cr2BQUGNBck,audio_features,spotify:track:0u2P5u6lvoDfwTYjAADbn4,0.391,0
93,0.36,https://api.spotify.com/v1/audio-analysis/1bj8x3ERN9gSc2NfJIpc76,0.474,201882,0.533,1bj8x3ERN9gSc2NfJIpc76,0.0,0,0.101,-5.648,0,0.0559,131.762,4,https://api.spotify.com/v1/tracks/1bj8x3ERN9gSc2NfJIpc76,audio_features,spotify:track:3RauEVgRgj1IuWdJ9fDs70,0.165,0
94,0.00391,https://api.spotify.com/v1/audio-analysis/70rFIfYN7lU6iTgUIVP42w,0.728,138970,0.685,70rFIfYN7lU6iTgUIVP42w,0.0,5,0.152,-5.096,0,0.0433,124.934,4,https://api.spotify.com/v1/tracks/70rFIfYN7lU6iTgUIVP42w,audio_features,spotify:track:4nK5YrxbMGZstTLbvj6Gxw,0.33,0
95,0.131,https://api.spotify.com/v1/audio-analysis/5KCbr5ndeby4y4ggthdiAb,0.333,172693,0.637,5KCbr5ndeby4y4ggthdiAb,1.8e-05,1,0.149,-4.904,0,0.0581,139.898,4,https://api.spotify.com/v1/tracks/5KCbr5ndeby4y4ggthdiAb,audio_features,spotify:track:6Qs4SXO9dwPj5GKvVOv8Ki,0.132,0
96,0.21,https://api.spotify.com/v1/audio-analysis/45S5WTQEGOB1VHr1Q4FuPl,0.448,208907,0.838,45S5WTQEGOB1VHr1Q4FuPl,0.000131,4,0.131,-5.257,0,0.0557,139.863,4,https://api.spotify.com/v1/tracks/45S5WTQEGOB1VHr1Q4FuPl,audio_features,spotify:track:0Ryd8975WihbObpp5cPW1t,0.254,0
97,0.122,https://api.spotify.com/v1/audio-analysis/6UelLqGlWMcVH1E5c4H7lY,0.548,174000,0.816,6UelLqGlWMcVH1E5c4H7lY,0.0,0,0.335,-4.209,1,0.0465,95.39,4,https://api.spotify.com/v1/tracks/6UelLqGlWMcVH1E5c4H7lY,audio_features,spotify:track:4tNXntkAzQ5A2dfYRYGIIQ,0.557,0
98,0.648,https://api.spotify.com/v1/audio-analysis/0CZ8lquoTX2Dkg7Ak2inwA,0.6,225133,0.535,0CZ8lquoTX2Dkg7Ak2inwA,4.7e-06,4,0.162,-7.043,1,0.107,71.912,4,https://api.spotify.com/v1/tracks/0CZ8lquoTX2Dkg7Ak2inwA,audio_features,spotify:track:314ZkcV7oLWG8yWE7LABvH,0.269,0
99,0.17,https://api.spotify.com/v1/audio-analysis/44ADyYoY5liaRa3EOAl4uf,0.53,233654,0.538,44ADyYoY5liaRa3EOAl4uf,2.83e-06,5,0.248,-6.672,1,0.0335,148.051,4,https://api.spotify.com/v1/tracks/44ADyYoY5liaRa3EOAl4uf,audio_features,spotify:track:7szuecWAPwGoV1e5vGu8tl,0.288,0
100,0.492,https://api.spotify.com/v1/audio-analysis/1dGr1c8CrMLDpV6mPbImSI,0.359,221307,0.543,1dGr1c8CrMLDpV6mPbImSI,1.58e-05,7,0.118,-7.582,1,0.0919,68.534,4,https://api.spotify.com/v1/tracks/1dGr1c8CrMLDpV6mPbImSI,audio_features,spotify:track:4evmHXcjt3bTUHD1cvny97,0.453,0
101,0.979,https://api.spotify.com/v1/audio-analysis/14JzyD6FlBD5z0wV5P07YI,0.498,199931,0.104,14JzyD6FlBD5z0wV5P07YI,7.86e-05,1,0.0895,-14.08,0,0.0621,124.001,3,https://api.spotify.com/v1/tracks/14JzyD6FlBD5z0wV5P07YI,audio_features,spotify:track:6LsAAHotRLMOHfCsSfYCsz,0.205,0
102,0.374,https://api.spotify.com/v1/audio-analysis/5DqdesEfbRyOlSS3Tf6c29,0.732,212607,0.463,5DqdesEfbRyOlSS3Tf6c29,0.0,11,0.194,-6.972,0,0.0287,95.971,4,https://api.spotify.com/v1/tracks/5DqdesEfbRyOlSS3Tf6c29,audio_features,spotify:track:6NFyWDv5CjfwuzoCkw47Xf,0.397,0
103,0.177,https://api.spotify.com/v1/audio-analysis/2W4yABdLc4Jnds67Poi5Nl,0.866,223258,0.438,2W4yABdLc4Jnds67Poi5Nl,0.0,7,0.0743,-8.943,1,0.0719,129.039,4,https://api.spotify.com/v1/tracks/2W4yABdLc4Jnds67Poi5Nl,audio_features,spotify:track:71hBQ9qHsZU2M3vDF8MtaN,0.695,0
104,0.697,https://api.spotify.com/v1/audio-analysis/3EPXxR3ImUwfayaurPi3cm,0.553,196373,0.586,3EPXxR3ImUwfayaurPi3cm,0.0,11,0.0813,-6.319,1,0.0362,126.684,4,https://api.spotify.com/v1/tracks/3EPXxR3ImUwfayaurPi3cm,audio_features,spotify:track:5QlWzeA7AVTcpVcZudwtI7,0.443,0
105,0.535,https://api.spotify.com/v1/audio-analysis/1wjzFQodRWrPcQ0AnYnvQ9,0.752,197437,0.505,1wjzFQodRWrPcQ0AnYnvQ9,2.55e-06,9,0.104,-7.621,1,0.253,91.97,4,https://api.spotify.com/v1/tracks/1wjzFQodRWrPcQ0AnYnvQ9,audio_features,spotify:track:0REIEJ3SexYnl8myLNxTMZ,0.419,0
106,0.934,https://api.spotify.com/v1/audio-analysis/0u2P5u6lvoDfwTYjAADbn4,0.351,200186,0.296,0u2P5u6lvoDfwTYjAADbn4,0.0,4,0.095,-10.109,0,0.0333,115.284,4,https://api.spotify.com/v1/tracks/0u2P5u6lvoDfwTYjAADbn4,audio_features,spotify:track:1KSz0dMTPwRq9OqLkNxcfd,0.12,0
107,0.489,https://api.spotify.com/v1/audio-analysis/4tNXntkAzQ5A2dfYRYGIIQ,0.505,157493,0.428,4tNXntkAzQ5A2dfYRYGIIQ,0.0,5,0.0977,-5.604,1,0.221,175.813,4,https://api.spotify.com/v1/tracks/4tNXntkAzQ5A2dfYRYGIIQ,audio_features,spotify:track:01WOwxkxOw2FqNIHkraxcN,0.618,0
108,0.216,https://api.spotify.com/v1/audio-analysis/6NFyWDv5CjfwuzoCkw47Xf,0.75,232253,0.404,6NFyWDv5CjfwuzoCkw47Xf,0.000357,9,0.0911,-10.178,0,0.0682,95.045,4,https://api.spotify.com/v1/tracks/6NFyWDv5CjfwuzoCkw47Xf,audio_features,spotify:track:0C91daZBEChlLpb8LLqojh,0.0499,0
109,0.075,https://api.spotify.com/v1/audio-analysis/01WOwxkxOw2FqNIHkraxcN,0.576,208096,0.534,01WOwxkxOw2FqNIHkraxcN,0.0,6,0.199,-9.637,0,0.294,83.56,1,https://api.spotify.com/v1/tracks/01WOwxkxOw2FqNIHkraxcN,audio_features,spotify:track:136cNclvh1Gm1WSK34PyBz,0.041,0
110,0.106,https://api.spotify.com/v1/audio-analysis/2yQYExQ5ziJBsJFGKEjnam,0.802,247533,0.697,2yQYExQ5ziJBsJFGKEjnam,0.0,1,0.73,-6.126,1,0.316,159.989,4,https://api.spotify.com/v1/tracks/2yQYExQ5ziJBsJFGKEjnam,audio_features,spotify:track:4F7ArOheAkEeTB1QN6toCN,0.503,0
111,0.0279,https://api.spotify.com/v1/audio-analysis/4SVTus5gJc5cfkFZ8ELK1p,0.374,179976,0.577,4SVTus5gJc5cfkFZ8ELK1p,5.6e-06,1,0.562,-7.085,1,0.302,184.201,4,https://api.spotify.com/v1/tracks/4SVTus5gJc5cfkFZ8ELK1p,audio_features,spotify:track:3Xa0sbyAtaEYYl2qRGnWQb,0.0658,0
112,0.413,https://api.spotify.com/v1/audio-analysis/3DIqLmDpxyHiy5yKA6RLEs,0.963,199148,0.657,3DIqLmDpxyHiy5yKA6RLEs,0.0,10,0.0899,-4.749,1,0.0614,135.012,4,https://api.spotify.com/v1/tracks/3DIqLmDpxyHiy5yKA6RLEs,audio_features,spotify:track:2yQYExQ5ziJBsJFGKEjnam,0.808,0
113,0.023,https://api.spotify.com/v1/audio-analysis/5YmPSElBlLt0Yy1zPOUGqi,0.799,194628,0.646,5YmPSElBlLt0Yy1zPOUGqi,0.000536,7,0.126,-6.699,1,0.0687,104.989,4,https://api.spotify.com/v1/tracks/5YmPSElBlLt0Yy1zPOUGqi,audio_features,spotify:track:08TILUAN56HJoS1d9mNRty,0.546,0
114,0.231,https://api.spotify.com/v1/audio-analysis/4Q34FP1AT7GEl9oLgNtiWj,0.647,193839,0.667,4Q34FP1AT7GEl9oLgNtiWj,0.0,5,0.133,-5.563,1,0.304,172.08,4,https://api.spotify.com/v1/tracks/4Q34FP1AT7GEl9oLgNtiWj,audio_features,spotify:track:5SSYzmp4B9GnT3xYswsUh7,0.704,0
115,0.14,https://api.spotify.com/v1/audio-analysis/7li8rJ9EFVTzZkR7whXJ3u,0.925,188629,0.619,7li8rJ9EFVTzZkR7whXJ3u,0.0,1,0.0585,-6.476,1,0.288,119.979,4,https://api.spotify.com/v1/tracks/7li8rJ9EFVTzZkR7whXJ3u,audio_features,spotify:track:5Iz8xVGbOEWlLpM4JWozT2,0.635,0
116,0.0159,https://api.spotify.com/v1/audio-analysis/065J6YUGz8tN0A3TkRrWtP,0.797,178553,0.66,065J6YUGz8tN0A3TkRrWtP,3.13e-06,2,0.201,-8.156,1,0.386,149.997,4,https://api.spotify.com/v1/tracks/065J6YUGz8tN0A3TkRrWtP,audio_features,spotify:track:1VLtjHwRWOVJiE5Py7JxoQ,0.796,0
117,0.199,https://api.spotify.com/v1/audio-analysis/7Bar1kLTmsRmH6FCKKMEyU,0.679,202008,0.516,7Bar1kLTmsRmH6FCKKMEyU,0.0,0,0.0965,-6.371,0,0.0452,120.074,4,https://api.spotify.com/v1/tracks/7Bar1kLTmsRmH6FCKKMEyU,audio_features,spotify:track:4SVTus5gJc5cfkFZ8ELK1p,0.716,0
118,0.18,https://api.spotify.com/v1/audio-analysis/29zlMCUoFqwWMMTFwY7rTI,0.533,319555,0.389,29zlMCUoFqwWMMTFwY7rTI,0.0,0,0.112,-9.175,1,0.0542,145.894,4,https://api.spotify.com/v1/tracks/29zlMCUoFqwWMMTFwY7rTI,audio_features,spotify:track:5TwXIwSz3Y0hkxPJ3RK3co,0.248,0
119,0.122,https://api.spotify.com/v1/audio-analysis/2uddLj27GIDBIdwRuIomE4,0.746,180095,0.454,2uddLj27GIDBIdwRuIomE4,1.52e-05,9,0.296,-8.79,1,0.0583,121.921,4,https://api.spotify.com/v1/tracks/2uddLj27GIDBIdwRuIomE4,audio_features,spotify:track:0EKcJ70nUR0epdgrYtXjIN,0.268,0
120,0.453,https://api.spotify.com/v1/audio-analysis/0zcRUprLKw7LtndkBurb3S,0.461,203214,0.542,0zcRUprLKw7LtndkBurb3S,4.32e-06,5,0.146,-5.202,1,0.0457,120.209,3,https://api.spotify.com/v1/tracks/0zcRUprLKw7LtndkBurb3S,audio_features,spotify:track:2T5NBwKRySiCR78vVk08vr,0.189,0
121,0.333,https://api.spotify.com/v1/audio-analysis/2aSM4sbNN7cSmpYOG0sf46,0.632,213933,0.495,2aSM4sbNN7cSmpYOG0sf46,0.0,7,0.0941,-8.335,1,0.143,77.083,4,https://api.spotify.com/v1/tracks/2aSM4sbNN7cSmpYOG0sf46,audio_features,spotify:track:35RJhm1pEovTBwnNR0zWad,0.233,0
122,0.0902,https://api.spotify.com/v1/audio-analysis/4HDCLYli2SUdkq9OjmvhSD,0.43,183219,0.7,4HDCLYli2SUdkq9OjmvhSD,0.0,6,0.216,-5.35,1,0.264,158.373,4,https://api.spotify.com/v1/tracks/4HDCLYli2SUdkq9OjmvhSD,audio_features,spotify:track:3DIqLmDpxyHiy5yKA6RLEs,0.731,0
123,0.0666,https://api.spotify.com/v1/audio-analysis/1Tv6DohXfBPROpBCVWnVCP,0.683,190933,0.541,1Tv6DohXfBPROpBCVWnVCP,0.00939,8,0.107,-7.615,0,0.0695,122.989,4,https://api.spotify.com/v1/tracks/1Tv6DohXfBPROpBCVWnVCP,audio_features,spotify:track:4RAEVQeHanpXyK2lrEUkMk,0.291,0
124,0.292,https://api.spotify.com/v1/audio-analysis/0b02ZHphmQGm0lRtHyDDTH,0.593,179346,0.852,0b02ZHphmQGm0lRtHyDDTH,0.000162,5,0.141,-3.609,0,0.119,125.928,4,https://api.spotify.com/v1/tracks/0b02ZHphmQGm0lRtHyDDTH,audio_features,spotify:track:6OcKfzkVXrSemuTbZFWFCb,0.397,0
125,0.00207,https://api.spotify.com/v1/audio-analysis/6HjdL6nsBMykh2ehTv1kbb,0.573,164160,0.855,6HjdL6nsBMykh2ehTv1kbb,2.03e-05,5,0.39,-4.447,1,0.0413,125.001,4,https://api.spotify.com/v1/tracks/6HjdL6nsBMykh2ehTv1kbb,audio_features,spotify:track:4OL39vZOiYvqBiC2UOwoyr,0.15,0
126,0.0247,https://api.spotify.com/v1/audio-analysis/6i7zAdNhzUN2k1HcrBxPHG,0.798,156960,0.828,6i7zAdNhzUN2k1HcrBxPHG,2.55e-06,2,0.121,-5.36,1,0.193,124.962,4,https://api.spotify.com/v1/tracks/6i7zAdNhzUN2k1HcrBxPHG,audio_features,spotify:track:0KsdWD4j9GNlc3CMXgwb9E,0.6,0
127,0.126,https://api.spotify.com/v1/audio-analysis/2mkhxxpsp5SGBjei7LaGwi,0.704,158778,0.637,2mkhxxpsp5SGBjei7LaGwi,2.99e-06,3,0.154,-7.244,0,0.0545,115.023,4,https://api.spotify.com/v1/tracks/2mkhxxpsp5SGBjei7LaGwi,audio_features,spotify:track:5YmPSElBlLt0Yy1zPOUGqi,0.383,0
128,0.011,https://api.spotify.com/v1/audio-analysis/08mG3Y1vljYA6bvDt4Wqkj,0.31,255493,0.7,08mG3Y1vljYA6bvDt4Wqkj,0.00965,9,0.0828,-5.678,1,0.047,188.386,4,https://api.spotify.com/v1/tracks/08mG3Y1vljYA6bvDt4Wqkj,audio_features,spotify:track:5dABkHkvA7ud5nmDUArJ4r,0.763,0
129,0.313,https://api.spotify.com/v1/audio-analysis/2KmEgiY8fQs0G6WNxtzQKr,0.489,300400,0.724,2KmEgiY8fQs0G6WNxtzQKr,0.185,5,0.287,-8.367,1,0.0352,117.292,4,https://api.spotify.com/v1/tracks/2KmEgiY8fQs0G6WNxtzQKr,audio_features,spotify:track:7oN7mBg1r39crVwTK5PrWt,0.15,0
130,0.448,https://api.spotify.com/v1/audio-analysis/7MRyJPksH3G2cXHN8UKYzP,0.55,214733,0.824,7MRyJPksH3G2cXHN8UKYzP,0.000127,2,0.366,-5.988,1,0.0334,114.512,4,https://api.spotify.com/v1/tracks/7MRyJPksH3G2cXHN8UKYzP,audio_features,spotify:track:2kuYZZvjwzYWPA8L7ICFXn,0.777,0
131,0.181,https://api.spotify.com/v1/audio-analysis/4CJVkjo5WpmUAKp3R44LNb,0.597,281147,0.605,4CJVkjo5WpmUAKp3R44LNb,0.000331,7,0.118,-12.013,1,0.0255,97.782,4,https://api.spotify.com/v1/tracks/4CJVkjo5WpmUAKp3R44LNb,audio_features,spotify:track:623BfBgk3qRz9D1RPRTJAg,0.886,0
132,0.00883,https://api.spotify.com/v1/audio-analysis/463CkQjx2Zk1yXoBuierM9,0.702,203064,0.825,463CkQjx2Zk1yXoBuierM9,0.0,6,0.0674,-3.787,0,0.0601,102.977,4,https://api.spotify.com/v1/tracks/463CkQjx2Zk1yXoBuierM9,audio_features,spotify:track:4Q34FP1AT7GEl9oLgNtiWj,0.915,0
133,0.65,https://api.spotify.com/v1/audio-analysis/1tkg4EHVoqnhR6iFEXb60y,0.709,160000,0.548,1tkg4EHVoqnhR6iFEXb60y,1.59e-06,10,0.133,-8.493,1,0.353,83.995,4,https://api.spotify.com/v1/tracks/1tkg4EHVoqnhR6iFEXb60y,audio_features,spotify:track:6w4PV16oMh5I6ZOCvig0hK,0.543,0
134,0.237,https://api.spotify.com/v1/audio-analysis/6Im9k8u9iIzKMrmV7BWtlF,0.83,173711,0.585,6Im9k8u9iIzKMrmV7BWtlF,0.0,0,0.248,-6.476,1,0.094,109.978,4,https://api.spotify.com/v1/tracks/6Im9k8u9iIzKMrmV7BWtlF,audio_features,spotify:track:3ab4ZdIP9iklHVvzhxdwcD,0.485,0
135,0.0166,https://api.spotify.com/v1/audio-analysis/0A1hoCfMLkiAgvhWkkucJa,0.914,171067,0.732,0A1hoCfMLkiAgvhWkkucJa,0.0,8,0.107,-6.1,0,0.241,94.066,4,https://api.spotify.com/v1/tracks/0A1hoCfMLkiAgvhWkkucJa,audio_features,spotify:track:0lQ1lmYqurunIRdoVVVHM1,0.469,0
136,0.0981,https://api.spotify.com/v1/audio-analysis/0QdePZJfBpRIBautuT4FSx,0.672,196453,0.642,0QdePZJfBpRIBautuT4FSx,0.0,5,0.1,-4.035,1,0.0313,121.981,4,https://api.spotify.com/v1/tracks/0QdePZJfBpRIBautuT4FSx,audio_features,spotify:track:1GxoFQZxD7tFhQFUD9F0dD,0.494,0
137,0.414,https://api.spotify.com/v1/audio-analysis/6f3Slt0GbA2bPZlz0aIFXN,0.798,164000,0.62,6f3Slt0GbA2bPZlz0aIFXN,0.0192,8,0.112,-7.079,0,0.232,120.031,4,https://api.spotify.com/v1/tracks/6f3Slt0GbA2bPZlz0aIFXN,audio_features,spotify:track:7li8rJ9EFVTzZkR7whXJ3u,0.235,0
138,0.44,https://api.spotify.com/v1/audio-analysis/3USxtqRwSYz57Ewm6wWRMp,0.761,238805,0.525,3USxtqRwSYz57Ewm6wWRMp,6.7e-06,11,0.0921,-6.9,1,0.0944,80.87,4,https://api.spotify.com/v1/tracks/3USxtqRwSYz57Ewm6wWRMp,audio_features,spotify:track:6cA8yDBX9TUen9VzIgoL1x,0.531,0
139,0.777,https://api.spotify.com/v1/audio-analysis/0ri0Han4IRJhzvERHOZTMr,0.813,170345,0.415,0ri0Han4IRJhzvERHOZTMr,0.0,0,0.131,-5.926,1,0.0349,91.921,4,https://api.spotify.com/v1/tracks/0ri0Han4IRJhzvERHOZTMr,audio_features,spotify:track:3lIvm65ESTYtJ66VmIyJem,0.667,0
140,0.0112,https://api.spotify.com/v1/audio-analysis/0v1x6rN6JHRapa03JElljE,0.746,199054,0.765,0v1x6rN6JHRapa03JElljE,0.0,6,0.0936,-4.41,0,0.0993,114.044,4,https://api.spotify.com/v1/tracks/0v1x6rN6JHRapa03JElljE,audio_features,spotify:track:5LXdAueF0raRI8ZF3ywdWM,0.737,0
141,0.584,https://api.spotify.com/v1/audio-analysis/4xqrdfXkTW4T0RauPLv3WA,0.357,198040,0.425,4xqrdfXkTW4T0RauPLv3WA,0.0,5,0.322,-7.301,1,0.0333,102.078,3,https://api.spotify.com/v1/tracks/4xqrdfXkTW4T0RauPLv3WA,audio_features,spotify:track:0Td7fSJnnP609ZBiK0s6rc,0.27,0
142,0.795,https://api.spotify.com/v1/audio-analysis/4OBZT9EnhYIV17t4pGw7ig,0.473,209400,0.371,4OBZT9EnhYIV17t4pGw7ig,0.0,4,0.109,-10.219,0,0.0405,75.208,4,https://api.spotify.com/v1/tracks/4OBZT9EnhYIV17t4pGw7ig,audio_features,spotify:track:065J6YUGz8tN0A3TkRrWtP,0.413,0
143,0.279,https://api.spotify.com/v1/audio-analysis/3npzogdOEiVsieXmmhBepL,0.612,197293,0.57,3npzogdOEiVsieXmmhBepL,0.0,11,0.0963,-6.642,0,0.0347,77.004,4,https://api.spotify.com/v1/tracks/3npzogdOEiVsieXmmhBepL,audio_features,spotify:track:33gwZOGJWEZ7dRWPqPxBEZ,0.335,0
144,0.604,https://api.spotify.com/v1/audio-analysis/2gMXnyrvIjhVBUZwvLZDMP,0.459,215107,0.575,2gMXnyrvIjhVBUZwvLZDMP,0.0,3,0.0885,-4.858,1,0.0573,111.881,4,https://api.spotify.com/v1/tracks/2gMXnyrvIjhVBUZwvLZDMP,audio_features,spotify:track:5RmUd1skWw9kMFlxPgfcYW,0.183,0
145,0.0765,https://api.spotify.com/v1/audio-analysis/6zeeWid2sgw4lap2jV61PZ,0.596,229320,0.552,6zeeWid2sgw4lap2jV61PZ,0.334,0,0.104,-10.278,0,0.097,97.949,4,https://api.spotify.com/v1/tracks/6zeeWid2sgw4lap2jV61PZ,audio_features,spotify:track:5XqDJFVCyRTm5J7cIfRmR1,0.112,0
146,0.183,https://api.spotify.com/v1/audio-analysis/1Cv1YLb4q0RzL6pybtaMLo,0.878,158571,0.525,1Cv1YLb4q0RzL6pybtaMLo,0.0,5,0.0714,-6.832,1,0.0578,112.022,4,https://api.spotify.com/v1/tracks/1Cv1YLb4q0RzL6pybtaMLo,audio_features,spotify:track:0KS2h61pHQ4WmOwruD7uxD,0.694,0
147,0.317,https://api.spotify.com/v1/audio-analysis/364dI1bYnvamSnBJ8JcNzN,0.811,212869,0.553,364dI1bYnvamSnBJ8JcNzN,0.0,9,0.105,-6.644,1,0.0552,148.014,4,https://api.spotify.com/v1/tracks/364dI1bYnvamSnBJ8JcNzN,audio_features,spotify:track:7Bar1kLTmsRmH6FCKKMEyU,0.86,0
148,0.0686,https://api.spotify.com/v1/audio-analysis/62aP9fBQKYKxi7PDXwcUAS,0.674,176547,0.774,62aP9fBQKYKxi7PDXwcUAS,0.00188,11,0.393,-7.567,0,0.0892,112.05,4,https://api.spotify.com/v1/tracks/62aP9fBQKYKxi7PDXwcUAS,audio_features,spotify:track:2KkNkv6ciB6bt2hvHtOrin,0.33,0
149,0.0784,https://api.spotify.com/v1/audio-analysis/31bmr5SE0qrrIPhjGbnwKP,0.659,361025,0.572,31bmr5SE0qrrIPhjGbnwKP,0.00772,5,0.123,-6.103,0,0.0304,108.968,4,https://api.spotify.com/v1/tracks/31bmr5SE0qrrIPhjGbnwKP,audio_features,spotify:track:2JLVZYEMmqPWbUoAJAMKfm,0.14,0
150,0.0767,https://api.spotify.com/v1/audio-analysis/3RauEVgRgj1IuWdJ9fDs70,0.777,190360,0.658,3RauEVgRgj1IuWdJ9fDs70,0.0,0,0.0901,-5.191,1,0.054,110.048,4,https://api.spotify.com/v1/tracks/3RauEVgRgj1IuWdJ9fDs70,audio_features,spotify:track:1KFHD2MK0wQADYddeed7Qf,0.633,0
151,0.0304,https://api.spotify.com/v1/audio-analysis/314ZkcV7oLWG8yWE7LABvH,0.584,226321,0.685,314ZkcV7oLWG8yWE7LABvH,0.0,7,0.189,-7.811,1,0.425,97.551,4,https://api.spotify.com/v1/tracks/314ZkcV7oLWG8yWE7LABvH,audio_features,spotify:track:0LGtMvQJ37SsEYbkP6TcVJ,0.345,0
152,0.0836,https://api.spotify.com/v1/audio-analysis/71hBQ9qHsZU2M3vDF8MtaN,0.757,148988,0.536,71hBQ9qHsZU2M3vDF8MtaN,0.0,1,0.645,-6.818,1,0.0466,103.931,4,https://api.spotify.com/v1/tracks/71hBQ9qHsZU2M3vDF8MtaN,audio_features,spotify:track:29zlMCUoFqwWMMTFwY7rTI,0.205,0
153,0.19,https://api.spotify.com/v1/audio-analysis/0C91daZBEChlLpb8LLqojh,0.638,192120,0.629,0C91daZBEChlLpb8LLqojh,4.44e-05,11,0.131,-5.959,1,0.0946,99.821,4,https://api.spotify.com/v1/tracks/0C91daZBEChlLpb8LLqojh,audio_features,spotify:track:02UJ1sCanP94fS2MdsWafh,0.386,0
154,0.0265,https://api.spotify.com/v1/audio-analysis/08TILUAN56HJoS1d9mNRty,0.842,170641,0.789,08TILUAN56HJoS1d9mNRty,0.0,6,0.355,-8.733,0,0.178,111.113,4,https://api.spotify.com/v1/tracks/08TILUAN56HJoS1d9mNRty,audio_features,spotify:track:1pZwFpiLKrSfNtXs6WQLlf,0.795,0
155,0.353,https://api.spotify.com/v1/audio-analysis/5TwXIwSz3Y0hkxPJ3RK3co,0.685,242603,0.896,5TwXIwSz3Y0hkxPJ3RK3co,0.0,1,0.146,-6.478,1,0.44,80.104,4,https://api.spotify.com/v1/tracks/5TwXIwSz3Y0hkxPJ3RK3co,audio_features,spotify:track:7beY8mXJuC4l0J2WgVoCfm,0.542,0
156,0.000794,https://api.spotify.com/v1/audio-analysis/4RAEVQeHanpXyK2lrEUkMk,0.821,166906,0.681,4RAEVQeHanpXyK2lrEUkMk,1.91e-05,7,0.11,-6.834,1,0.177,93.991,4,https://api.spotify.com/v1/tracks/4RAEVQeHanpXyK2lrEUkMk,audio_features,spotify:track:1FhxEhPZpBBOJTDwSf6MA5,0.249,0
157,0.0369,https://api.spotify.com/v1/audio-analysis/5dABkHkvA7ud5nmDUArJ4r,0.873,188075,0.497,5dABkHkvA7ud5nmDUArJ4r,0.0324,7,0.119,-7.145,1,0.0899,145.013,4,https://api.spotify.com/v1/tracks/5dABkHkvA7ud5nmDUArJ4r,audio_features,spotify:track:2uddLj27GIDBIdwRuIomE4,0.746,0
158,0.0909,https://api.spotify.com/v1/audio-analysis/6w4PV16oMh5I6ZOCvig0hK,0.813,169330,0.57,6w4PV16oMh5I6ZOCvig0hK,0.0,3,0.0982,-8.409,0,0.265,109.07,4,https://api.spotify.com/v1/tracks/6w4PV16oMh5I6ZOCvig0hK,audio_features,spotify:track:4ngz3vlQcFj3aNnTNikoRv,0.676,0
159,0.283,https://api.spotify.com/v1/audio-analysis/6cA8yDBX9TUen9VzIgoL1x,0.654,175461,0.737,6cA8yDBX9TUen9VzIgoL1x,2.33e-06,11,0.29,-7.856,1,0.33,99.541,4,https://api.spotify.com/v1/tracks/6cA8yDBX9TUen9VzIgoL1x,audio_features,spotify:track:3HY9qrtAKtobL2nCQ535h0,0.735,0
160,0.0978,https://api.spotify.com/v1/audio-analysis/33gwZOGJWEZ7dRWPqPxBEZ,0.724,199758,0.675,33gwZOGJWEZ7dRWPqPxBEZ,9.41e-06,2,0.351,-5.267,1,0.0867,160.048,4,https://api.spotify.com/v1/tracks/33gwZOGJWEZ7dRWPqPxBEZ,audio_features,spotify:track:698qfbrci5r8U0EKceXhml,0.325,0
161,0.502,https://api.spotify.com/v1/audio-analysis/2KkNkv6ciB6bt2hvHtOrin,0.583,215329,0.766,2KkNkv6ciB6bt2hvHtOrin,1.79e-06,11,0.159,-4.743,0,0.405,131.374,3,https://api.spotify.com/v1/tracks/2KkNkv6ciB6bt2hvHtOrin,audio_features,spotify:track:67M0ONQYZV4MmD7QyhNvz3,0.203,0
162,0.0489,https://api.spotify.com/v1/audio-analysis/02UJ1sCanP94fS2MdsWafh,0.768,174307,0.428,02UJ1sCanP94fS2MdsWafh,0.000491,1,0.105,-8.156,0,0.0459,110.478,4,https://api.spotify.com/v1/tracks/02UJ1sCanP94fS2MdsWafh,audio_features,spotify:track:0zcRUprLKw7LtndkBurb3S,0.147,0
163,0.0845,https://api.spotify.com/v1/audio-analysis/4ngz3vlQcFj3aNnTNikoRv,0.656,185934,0.647,4ngz3vlQcFj3aNnTNikoRv,8.73e-05,6,0.315,-7.584,1,0.108,181.884,4,https://api.spotify.com/v1/tracks/4ngz3vlQcFj3aNnTNikoRv,audio_features,spotify:track:3X3TlieuOl8aWzw2HeigUo,0.686,0
164,0.813,https://api.spotify.com/v1/audio-analysis/3X3TlieuOl8aWzw2HeigUo,0.399,235785,0.459,3X3TlieuOl8aWzw2HeigUo,0.0,7,0.11,-6.359,0,0.0938,82.528,4,https://api.spotify.com/v1/tracks/3X3TlieuOl8aWzw2HeigUo,audio_features,spotify:track:4tGGaI4N2KDjmAwXxF1e7P,0.375,0
165,0.00642,https://api.spotify.com/v1/audio-analysis/7z9lRMknTiGUeV2cD7oTy6,0.622,215798,0.501,7z9lRMknTiGUeV2cD7oTy6,0.0,1,0.167,-4.33,1,0.21,202.007,4,https://api.spotify.com/v1/tracks/7z9lRMknTiGUeV2cD7oTy6,audio_features,spotify:track:08HPWLi0YmRUStJzkQ1ffh,0.308,0
166,0.103,https://api.spotify.com/v1/audio-analysis/7GU4sdexteLwpjIZ36QPFL,0.681,257385,0.651,7GU4sdexteLwpjIZ36QPFL,0.0,9,0.103,-5.533,1,0.104,106.045,4,https://api.spotify.com/v1/tracks/7GU4sdexteLwpjIZ36QPFL,audio_features,spotify:track:4lsHZ92XCFOQfzJFBTluk8,0.416,0
167,0.0491,https://api.spotify.com/v1/audio-analysis/6rij5OZoU4FSA2lTbFmRgi,0.6,199897,0.678,6rij5OZoU4FSA2lTbFmRgi,0.0,10,0.138,-5.227,0,0.13,136.858,4,https://api.spotify.com/v1/tracks/6rij5OZoU4FSA2lTbFmRgi,audio_features,spotify:track:2aSM4sbNN7cSmpYOG0sf46,0.494,0
168,0.0148,https://api.spotify.com/v1/audio-analysis/1vAV6VetPyNCZkqeYtvyxj,0.841,197760,0.737,1vAV6VetPyNCZkqeYtvyxj,0.0125,5,0.138,-6.646,0,0.0563,124.991,4,https://api.spotify.com/v1/tracks/1vAV6VetPyNCZkqeYtvyxj,audio_features,spotify:track:7z9lRMknTiGUeV2cD7oTy6,0.278,0
169,0.114,https://api.spotify.com/v1/audio-analysis/2NZJKUPIGfJqLAzONNr4gv,0.698,208095,0.859,2NZJKUPIGfJqLAzONNr4gv,0.208,6,0.228,-5.234,0,0.0605,126.039,4,https://api.spotify.com/v1/tracks/2NZJKUPIGfJqLAzONNr4gv,audio_features,spotify:track:5KD5QVEEH8dJCJ6CT0DaNG,0.518,0
170,0.0301,https://api.spotify.com/v1/audio-analysis/7DWDaBN2DM2vSjDZIwZV1W,0.754,153088,0.9,7DWDaBN2DM2vSjDZIwZV1W,0.00454,1,0.0989,-4.608,0,0.0554,101.935,3,https://api.spotify.com/v1/tracks/7DWDaBN2DM2vSjDZIwZV1W,audio_features,spotify:track:5E1aFH3QO8NHlocnXIPTYo,0.107,0
171,0.405,https://api.spotify.com/v1/audio-analysis/1VUULZekKYUzvYpOxbL56y,0.742,163810,0.847,1VUULZekKYUzvYpOxbL56y,0.0451,8,0.147,-6.112,1,0.0453,125.961,4,https://api.spotify.com/v1/tracks/1VUULZekKYUzvYpOxbL56y,audio_features,spotify:track:4ptJnPKDD6S038BlYss3Tf,0.174,0
172,0.0103,https://api.spotify.com/v1/audio-analysis/1RJeiAIwR9pZBgJA8ndZLL,0.505,204480,0.836,1RJeiAIwR9pZBgJA8ndZLL,0.0771,5,0.295,-7.384,0,0.101,159.669,4,https://api.spotify.com/v1/tracks/1RJeiAIwR9pZBgJA8ndZLL,audio_features,spotify:track:4HDCLYli2SUdkq9OjmvhSD,0.764,0
173,0.00298,https://api.spotify.com/v1/audio-analysis/24NwBd5vZ2CK8VOQVnqdxr,0.38,274133,0.76,24NwBd5vZ2CK8VOQVnqdxr,0.0294,9,0.104,-10.961,1,0.0378,99.437,4,https://api.spotify.com/v1/tracks/24NwBd5vZ2CK8VOQVnqdxr,audio_features,spotify:track:7GU4sdexteLwpjIZ36QPFL,0.491,0
174,0.0169,https://api.spotify.com/v1/audio-analysis/3YBZIN3rekqsKxbJc9FZko,0.273,405640,0.952,3YBZIN3rekqsKxbJc9FZko,0.0111,11,0.142,-8.762,1,0.0843,100.271,4,https://api.spotify.com/v1/tracks/3YBZIN3rekqsKxbJc9FZko,audio_features,spotify:track:2qzUpSVI4NnPyWxbXwumTj,0.472,0
175,0.401,https://api.spotify.com/v1/audio-analysis/47EiUVwUp4C9fGccaPuUCS,0.731,205090,0.573,47EiUVwUp4C9fGccaPuUCS,5.22e-05,4,0.113,-10.059,0,0.0544,109.928,4,https://api.spotify.com/v1/tracks/47EiUVwUp4C9fGccaPuUCS,audio_features,spotify:track:177Gk50xMUz4QMiEXLARFP,0.145,0
176,0.0563,https://api.spotify.com/v1/audio-analysis/6AGOKlMZWLCaEJGnaROtF9,0.399,210463,0.491,6AGOKlMZWLCaEJGnaROtF9,0.00089,6,0.11,-10.778,0,0.0538,91.066,4,https://api.spotify.com/v1/tracks/6AGOKlMZWLCaEJGnaROtF9,audio_features,spotify:track:7wfDCDfhVe2tFxIkQEJp35,0.151,0
177,0.232,https://api.spotify.com/v1/audio-analysis/5psEZhQu6lukjhavJo4AbC,0.719,126521,0.598,5psEZhQu6lukjhavJo4AbC,0.0,9,0.115,-6.254,1,0.077,142.592,4,https://api.spotify.com/v1/tracks/5psEZhQu6lukjhavJo4AbC,audio_features,spotify:track:1Tv6DohXfBPROpBCVWnVCP,0.303,0
178,0.758,https://api.spotify.com/v1/audio-analysis/6HlE9t71z9DjGi7KqSyEpA,0.711,141224,0.592,6HlE9t71z9DjGi7KqSyEpA,0.0,4,0.156,-7.136,0,0.23,124.749,4,https://api.spotify.com/v1/tracks/6HlE9t71z9DjGi7KqSyEpA,audio_features,spotify:track:6rij5OZoU4FSA2lTbFmRgi,0.535,0
179,0.213,https://api.spotify.com/v1/audio-analysis/27OeeYzk6klgBh83TSvGMA,0.662,161385,0.413,27OeeYzk6klgBh83TSvGMA,0.0,0,0.134,-7.357,1,0.0299,93.005,4,https://api.spotify.com/v1/tracks/27OeeYzk6klgBh83TSvGMA,audio_features,spotify:track:6L5eyrIlO6GkRJAdqQEThe,0.467,0
180,0.114,https://api.spotify.com/v1/audio-analysis/0PvFJmanyNQMseIFrU708S,0.823,190476,0.586,0PvFJmanyNQMseIFrU708S,0.0,6,0.193,-6.606,0,0.2,125.971,4,https://api.spotify.com/v1/tracks/0PvFJmanyNQMseIFrU708S,audio_features,spotify:track:530sGWWlefN6YmGtBOPPME,0.347,0
181,0.168,https://api.spotify.com/v1/audio-analysis/4wosxLl0mAqhneDzya2MfY,0.732,166028,0.874,4wosxLl0mAqhneDzya2MfY,1.17e-05,8,0.0489,-3.158,1,0.0662,122.961,4,https://api.spotify.com/v1/tracks/4wosxLl0mAqhneDzya2MfY,audio_features,spotify:track:5WYB4aZkflwjAApBoDCYkz,0.905,0
182,0.0247,https://api.spotify.com/v1/audio-analysis/14ngWWxvUSnIMXgF6rzSk1,0.798,156960,0.828,14ngWWxvUSnIMXgF6rzSk1,2.55e-06,2,0.121,-5.36,1,0.193,124.962,4,https://api.spotify.com/v1/tracks/14ngWWxvUSnIMXgF6rzSk1,audio_features,spotify:track:0b02ZHphmQGm0lRtHyDDTH,0.6,0
183,0.424,https://api.spotify.com/v1/audio-analysis/7aGyRfJWtLqgJaZoG9lJhE,0.738,136839,0.621,7aGyRfJWtLqgJaZoG9lJhE,7.39e-06,0,0.692,-7.313,1,0.0486,113.968,4,https://api.spotify.com/v1/tracks/7aGyRfJWtLqgJaZoG9lJhE,audio_features,spotify:track:1vAV6VetPyNCZkqeYtvyxj,0.715,0
184,0.212,https://api.spotify.com/v1/audio-analysis/7vrJn5hDSXRmdXoR30KgF1,0.863,178947,0.666,7vrJn5hDSXRmdXoR30KgF1,0.000493,1,0.103,-4.158,0,0.152,163.908,4,https://api.spotify.com/v1/tracks/7vrJn5hDSXRmdXoR30KgF1,audio_features,spotify:track:5ovAmYzYLeEmOX6P3bmlzV,0.838,0
185,0.537,https://api.spotify.com/v1/audio-analysis/4R2kfaDFhslZEMJqAFNpdd,0.613,239560,0.581,4R2kfaDFhslZEMJqAFNpdd,0.000345,0,0.25,-8.588,0,0.0424,130.033,4,https://api.spotify.com/v1/tracks/4R2kfaDFhslZEMJqAFNpdd,audio_features,spotify:track:0jcDf2K7yJsRAfa7XQmkIt,0.551,0
186,0.902,https://api.spotify.com/v1/audio-analysis/3ZCTVFBt2Brf31RLEnCkWJ,0.704,245426,0.225,3ZCTVFBt2Brf31RLEnCkWJ,0.657,6,0.106,-14.454,0,0.0994,120.006,4,https://api.spotify.com/v1/tracks/3ZCTVFBt2Brf31RLEnCkWJ,audio_features,spotify:track:42k4Jpfrcd7FO1x9Gf4HkP,0.243,0
187,0.325,https://api.spotify.com/v1/audio-analysis/3bH4HzoZZFq8UpZmI2AMgV,0.828,216015,0.689,3bH4HzoZZFq8UpZmI2AMgV,0.0384,7,0.0808,-7.878,1,0.0326,123.931,4,https://api.spotify.com/v1/tracks/3bH4HzoZZFq8UpZmI2AMgV,audio_features,spotify:track:6HjdL6nsBMykh2ehTv1kbb,0.853,0
188,0.0828,https://api.spotify.com/v1/audio-analysis/7njKgVl3AnLflRad38o7AG,0.844,169038,0.644,7njKgVl3AnLflRad38o7AG,0.0,11,0.113,-6.273,0,0.0479,122.061,4,https://api.spotify.com/v1/tracks/7njKgVl3AnLflRad38o7AG,audio_features,spotify:track:2NZJKUPIGfJqLAzONNr4gv,0.591,0
189,0.00776,https://api.spotify.com/v1/audio-analysis/3Z8FwOEN59mRMxDCtb8N0A,0.63,172762,0.633,3Z8FwOEN59mRMxDCtb8N0A,0.0,4,0.0541,-7.088,1,0.0457,93.995,4,https://api.spotify.com/v1/tracks/3Z8FwOEN59mRMxDCtb8N0A,audio_features,spotify:track:0GTPmh5G40joBg93vcSQNq,0.452,0
190,0.176,https://api.spotify.com/v1/audio-analysis/7COXchtUOMd6uIT6HvmRaI,0.599,162583,0.733,7COXchtUOMd6uIT6HvmRaI,0.0,11,0.242,-7.058,1,0.203,102.211,4,https://api.spotify.com/v1/tracks/7COXchtUOMd6uIT6HvmRaI,audio_features,spotify:track:6Htqsoq5u7Z4a8hqWfMRXY,0.534,0
191,0.051,https://api.spotify.com/v1/audio-analysis/6TqXcAFInzjp0bODyvrWEq,0.901,197573,0.4,6TqXcAFInzjp0bODyvrWEq,0.0,0,0.0599,-8.575,1,0.126,135.984,4,https://api.spotify.com/v1/tracks/6TqXcAFInzjp0bODyvrWEq,audio_features,spotify:track:7gMHLqcoQLeAaLNpOKlt05,0.346,0
192,0.695,https://api.spotify.com/v1/audio-analysis/5uCax9HTNlzGybIStD3vDh,0.358,211467,0.557,5uCax9HTNlzGybIStD3vDh,0.0,10,0.0902,-7.398,1,0.059,85.043,4,https://api.spotify.com/v1/tracks/5uCax9HTNlzGybIStD3vDh,audio_features,spotify:track:6i7zAdNhzUN2k1HcrBxPHG,0.494,0
193,0.305,https://api.spotify.com/v1/audio-analysis/4nK5YrxbMGZstTLbvj6Gxw,0.863,223480,0.631,4nK5YrxbMGZstTLbvj6Gxw,3.04e-05,7,0.123,-4.689,1,0.0534,128.977,4,https://api.spotify.com/v1/tracks/4nK5YrxbMGZstTLbvj6Gxw,audio_features,spotify:track:7DWDaBN2DM2vSjDZIwZV1W,0.817,0
194,0.00285,https://api.spotify.com/v1/audio-analysis/7szuecWAPwGoV1e5vGu8tl,0.667,237520,0.719,7szuecWAPwGoV1e5vGu8tl,8.1e-05,7,0.0736,-5.371,0,0.0346,100.021,4,https://api.spotify.com/v1/tracks/7szuecWAPwGoV1e5vGu8tl,audio_features,spotify:track:0cWDechbo7Tmf6nk0QRLhI,0.717,0
195,0.112,https://api.spotify.com/v1/audio-analysis/5QlWzeA7AVTcpVcZudwtI7,0.793,151353,0.585,5QlWzeA7AVTcpVcZudwtI7,0.0,11,0.127,-4.316,1,0.324,100.12,4,https://api.spotify.com/v1/tracks/5QlWzeA7AVTcpVcZudwtI7,audio_features,spotify:track:0lQ2obtzmAsJu9xk3D6FqH,0.363,0
196,0.332,https://api.spotify.com/v1/audio-analysis/136cNclvh1Gm1WSK34PyBz,0.691,222680,0.578,136cNclvh1Gm1WSK34PyBz,0.0,7,0.0857,-5.431,0,0.358,193.798,4,https://api.spotify.com/v1/tracks/136cNclvh1Gm1WSK34PyBz,audio_features,spotify:track:1w8DxFHDDInmn5TovLKKrW,0.567,0
197,0.11,https://api.spotify.com/v1/audio-analysis/5SSYzmp4B9GnT3xYswsUh7,0.619,170000,0.678,5SSYzmp4B9GnT3xYswsUh7,0.0,10,0.0771,-4.539,1,0.404,107.62,3,https://api.spotify.com/v1/tracks/5SSYzmp4B9GnT3xYswsUh7,audio_features,spotify:track:2mkhxxpsp5SGBjei7LaGwi,0.598,0
198,0.409,https://api.spotify.com/v1/audio-analysis/0EKcJ70nUR0epdgrYtXjIN,0.806,132008,0.511,0EKcJ70nUR0epdgrYtXjIN,0.0312,1,0.0934,-9.447,1,0.329,79.973,4,https://api.spotify.com/v1/tracks/0EKcJ70nUR0epdgrYtXjIN,audio_features,spotify:track:1VUULZekKYUzvYpOxbL56y,0.375,0
199,0.131,https://api.spotify.com/v1/audio-analysis/6OcKfzkVXrSemuTbZFWFCb,0.733,221007,0.439,6OcKfzkVXrSemuTbZFWFCb,0.0,6,0.0784,-12.281,0,0.0697,139.074,4,https://api.spotify.com/v1/tracks/6OcKfzkVXrSemuTbZFWFCb,audio_features,spotify:track:5LOJdJPzuevskkoAtLj8hb,0.628,0
200,0.375,https://api.spotify.com/v1/audio-analysis/7oN7mBg1r39crVwTK5PrWt,0.68,203969,0.842,7oN7mBg1r39crVwTK5PrWt,0.0,10,0.105,-6.391,0,0.449,170.014,4,https://api.spotify.com/v1/tracks/7oN7mBg1r39crVwTK5PrWt,audio_features,spotify:track:0hCB0YR03f6AmQaHbwWDe8,0.747,0
201,0.354,https://api.spotify.com/v1/audio-analysis/3ab4ZdIP9iklHVvzhxdwcD,0.816,147238,0.646,3ab4ZdIP9iklHVvzhxdwcD,0.000584,11,0.101,-7.988,1,0.38,160.025,4,https://api.spotify.com/v1/tracks/3ab4ZdIP9iklHVvzhxdwcD,audio_features,spotify:track:2aoo2jlRnM3A0NyLQqMN2f,0.538,0
202,0.0678,https://api.spotify.com/v1/audio-analysis/3lIvm65ESTYtJ66VmIyJem,0.446,170400,0.616,3lIvm65ESTYtJ66VmIyJem,0.0,11,0.097,-10.036,1,0.122,83.163,4,https://api.spotify.com/v1/tracks/3lIvm65ESTYtJ66VmIyJem,audio_features,spotify:track:08mG3Y1vljYA6bvDt4Wqkj,0.596,0
203,0.288,https://api.spotify.com/v1/audio-analysis/5RmUd1skWw9kMFlxPgfcYW,0.806,160812,0.665,5RmUd1skWw9kMFlxPgfcYW,0.0,6,0.0748,-7.464,0,0.132,98.426,4,https://api.spotify.com/v1/tracks/5RmUd1skWw9kMFlxPgfcYW,audio_features,spotify:track:1RJeiAIwR9pZBgJA8ndZLL,0.502,0
204,0.291,https://api.spotify.com/v1/audio-analysis/2JLVZYEMmqPWbUoAJAMKfm,0.729,232096,0.414,2JLVZYEMmqPWbUoAJAMKfm,0.0,7,0.0793,-6.138,0,0.0565,85.729,3,https://api.spotify.com/v1/tracks/2JLVZYEMmqPWbUoAJAMKfm,audio_features,spotify:track:66lOpKgTyFjOrac4S1s94g,0.565,0
205,0.733,https://api.spotify.com/v1/audio-analysis/1pZwFpiLKrSfNtXs6WQLlf,0.618,223800,0.416,1pZwFpiLKrSfNtXs6WQLlf,0.0,1,0.106,-9.077,1,0.0772,137.851,4,https://api.spotify.com/v1/tracks/1pZwFpiLKrSfNtXs6WQLlf,audio_features,spotify:track:2EqlS6tkEnglzr7tkKAAYD,0.404,0
206,0.848,https://api.spotify.com/v1/audio-analysis/3HY9qrtAKtobL2nCQ535h0,0.494,180346,0.425,3HY9qrtAKtobL2nCQ535h0,5.12e-05,0,0.0895,-5.317,0,0.0746,66.602,3,https://api.spotify.com/v1/tracks/3HY9qrtAKtobL2nCQ535h0,audio_features,spotify:track:39shmbIHICJ2Wxnk1fPSdz,0.275,0
207,0.31,https://api.spotify.com/v1/audio-analysis/4tGGaI4N2KDjmAwXxF1e7P,0.52,192824,0.719,4tGGaI4N2KDjmAwXxF1e7P,0.0,0,0.0882,-4.866,1,0.383,173.19,4,https://api.spotify.com/v1/tracks/4tGGaI4N2KDjmAwXxF1e7P,audio_features,spotify:track:2KmEgiY8fQs0G6WNxtzQKr,0.663,0
208,0.357,https://api.spotify.com/v1/audio-analysis/5KD5QVEEH8dJCJ6CT0DaNG,0.807,212973,0.486,5KD5QVEEH8dJCJ6CT0DaNG,3.27e-06,0,0.111,-8.462,1,0.204,80.976,4,https://api.spotify.com/v1/tracks/5KD5QVEEH8dJCJ6CT0DaNG,audio_features,spotify:track:24NwBd5vZ2CK8VOQVnqdxr,0.389,0
209,0.00337,https://api.spotify.com/v1/audio-analysis/2qzUpSVI4NnPyWxbXwumTj,0.824,281273,0.555,2qzUpSVI4NnPyWxbXwumTj,6.42e-06,1,0.217,-5.817,1,0.05,120.002,4,https://api.spotify.com/v1/tracks/2qzUpSVI4NnPyWxbXwumTj,audio_features,spotify:track:57JVGBtBLCfHw2muk5416J,0.0611,0
210,0.233,https://api.spotify.com/v1/audio-analysis/6L5eyrIlO6GkRJAdqQEThe,0.54,153304,0.892,6L5eyrIlO6GkRJAdqQEThe,9.35e-05,11,0.195,-4.985,1,0.11,106.594,3,https://api.spotify.com/v1/tracks/6L5eyrIlO6GkRJAdqQEThe,audio_features,spotify:track:5uvosCdMlFdTXhoazkTI5R,0.152,0
211,0.0904,https://api.spotify.com/v1/audio-analysis/5ovAmYzYLeEmOX6P3bmlzV,0.61,204103,0.896,5ovAmYzYLeEmOX6P3bmlzV,0.000157,9,0.0943,-4.471,0,0.0384,128.056,4,https://api.spotify.com/v1/tracks/5ovAmYzYLeEmOX6P3bmlzV,audio_features,spotify:track:70YvYr2hGlS01bKRIho1HM,0.0723,0
212,0.00829,https://api.spotify.com/v1/audio-analysis/0GTPmh5G40joBg93vcSQNq,0.698,186700,0.719,0GTPmh5G40joBg93vcSQNq,4.01e-06,0,0.326,-4.923,0,0.0455,120.062,4,https://api.spotify.com/v1/tracks/0GTPmh5G40joBg93vcSQNq,audio_features,spotify:track:7MRyJPksH3G2cXHN8UKYzP,0.364,0
213,0.059,https://api.spotify.com/v1/audio-analysis/0cWDechbo7Tmf6nk0QRLhI,0.782,144625,0.732,0cWDechbo7Tmf6nk0QRLhI,2.33e-05,11,0.163,-5.544,0,0.124,119.969,4,https://api.spotify.com/v1/tracks/0cWDechbo7Tmf6nk0QRLhI,audio_features,spotify:track:3YBZIN3rekqsKxbJc9FZko,0.668,0
214,0.0607,https://api.spotify.com/v1/audio-analysis/5LOJdJPzuevskkoAtLj8hb,0.667,168726,0.823,5LOJdJPzuevskkoAtLj8hb,0.0,7,0.0771,-3.797,1,0.0673,127.903,4,https://api.spotify.com/v1/tracks/5LOJdJPzuevskkoAtLj8hb,audio_features,spotify:track:61Q9oJNd9hJQFhSDh6Qlap,0.35,0
215,0.00101,https://api.spotify.com/v1/audio-analysis/66lOpKgTyFjOrac4S1s94g,0.676,269360,0.92,66lOpKgTyFjOrac4S1s94g,8.65e-06,9,0.248,-7.96,1,0.0435,126.341,4,https://api.spotify.com/v1/tracks/66lOpKgTyFjOrac4S1s94g,audio_features,spotify:track:3AhXZa8sUQht0UEdBJgpGc,0.624,0
216,0.112,https://api.spotify.com/v1/audio-analysis/57JVGBtBLCfHw2muk5416J,0.933,214653,0.528,57JVGBtBLCfHw2muk5416J,0.329,5,0.163,-6.472,0,0.162,109.975,4,https://api.spotify.com/v1/tracks/57JVGBtBLCfHw2muk5416J,audio_features,spotify:track:2K2M0TcglCRLLpFOzKeFZA,0.756,0
217,0.000825,https://api.spotify.com/v1/audio-analysis/61Q9oJNd9hJQFhSDh6Qlap,0.315,269720,0.534,61Q9oJNd9hJQFhSDh6Qlap,0.108,9,0.101,-7.552,0,0.031,116.891,3,https://api.spotify.com/v1/tracks/61Q9oJNd9hJQFhSDh6Qlap,audio_features,spotify:track:4CJVkjo5WpmUAKp3R44LNb,0.283,0
